<?xml version="1.0" encoding="utf-8"?><feed xmlns="http://www.w3.org/2005/Atom" xml:lang="en"><generator uri="https://jekyllrb.com/" version="4.3.3">Jekyll</generator><link href="https://people.cs.umass.edu/~zhiqihuang/feed.xml" rel="self" type="application/atom+xml" /><link href="https://people.cs.umass.edu/~zhiqihuang/" rel="alternate" type="text/html" hreflang="en" /><updated>2024-03-11T01:04:19-04:00</updated><id>https://people.cs.umass.edu/~zhiqihuang/feed.xml</id><title type="html">blank</title><subtitle>Personal Page of Zhiqi Huang. Based on [*folio](https://github.com/bogoli/-folio) design.
</subtitle></feed>